uniprot,uniprotname,entrezid
P00533,EGFR,1956
P41240,CSK,1445
P42684,ABL2,27
Q06418,TYRO3,7301
P00519,ABL1,25
Q15303,ERBB4,2066
P22455,FGFR4,2264
P51813,BMX,660
P42679,MATK,4145
P17948,FLT1,2321
P34925,RYK,6259
Q9UM73,ALK,238
P07333,CSF1R,1436
P08069,IGF1R,3480
P14616,INSRR,3645
P21860,ERBB3,2065
Q13882,PTK6,5753
P43403,ZAP70,7535
P36888,FLT3,2322
Q08881,ITK,3702
Q12866,MERTK,10461
Q14289,PTK2B,2185
Q96Q04,LMTK3,114783
P16591,FER,2241
P42681,TXK,7294
Q13308,PTK7,5754
Q06187,BTK,695
P08581,MET,4233
P06213,INSR,3643
P42685,FRK,2444
Q05397,PTK2,5747
P10721,KIT,3815
P35968,KDR,3791
P04626,ERBB2,2064
P51451,BLK,640
P08922,ROS1,6098
P21802,FGFR2,2263
P22607,FGFR3,2261
P21709,EPHA1,2041
P29376,LTK,4058
P30530,AXL,558
P07948,LYN,4067
P08631,HCK,3055
P07332,FES,2242
P09769,FGR,2268
O60674,JAK2,3717
Q02763,TEK,7010
Q01973,ROR1,4919
P42680,TEC,7006
Q9H3Y6,SRMS,6725
P43405,SYK,6850
Q04912,MST1R,4486
Q16288,NTRK3,4916
P35590,TIE1,7075
Q16620,NTRK2,4915
Q08345,DDR1,780
Q13470,TNK1,8711
Q01974,ROR2,4920
P04629,NTRK1,4914
P06241,FYN,2534
Q6ZMQ8,AATK,9625
P11362,FGFR1,2260
P07949,RET,5979
P09619,PDGFRB,5159
Q8IWU2,LMTK2,22853
O15146,MUSK,4593
P12931,SRC,6714
P07947,YES1,7525
Q9UF33,EPHA6,285220
Q15375,EPHA7,2045
P29320,EPHA3,2042
P54756,EPHA5,2044
P54764,EPHA4,2043
P06239,LCK,3932
P29322,EPHA8,2046
P29317,EPHA2,1969
P52333,JAK3,3718
P29597,TYK2,7297
P54760,EPHB4,2050
P29323,EPHB2,2048
P54753,EPHB3,2049
P54762,EPHB1,2047
Q5JZY3,EPHA10,284656
P16234,PDGFRA,5156
P45983,MAPK8,5599
P53779,MAPK10,5602
P45984,MAPK9,5601
O15264,MAPK13,5603
Q00526,CDK3,1018
P30291,WEE1,7465
P24941,CDK2,1017
Q99640,PKMYT1,9088
P0C1S8,WEE2,494551
Q05655,PRKCD,5580
P06493,CDK1,983
Q13627,DYRK1A,1859
Q13535,ATR,545
Q9Y463,DYRK1B,9149
Q16832,DDR2,4921
Q6J9G0,STYK1,55359
P23458,JAK1,3716
Q07912,TNK2,10188
P16066,NPR1,4881
P08637,FCGR3A,2214
O14757,CHEK1,1111
P17612,PRKACA,5566
P49841,GSK3B,2932
P36507,MAP2K2,5605
P27361,MAPK3,5595
Q02750,MAP2K1,5604
P46734,MAP2K3,5606
P45985,MAP2K4,6416
P52564,MAP2K6,5608
O14733,MAP2K7,5609
P04049,RAF1,5894
P15056,BRAF,673
P28482,MAPK1,5594
Q13163,MAP2K5,5607
O95382,MAP3K6,9064
Q99683,MAP3K5,4217
Q13153,PAK1,5058
Q13177,PAK2,5062
Q16539,MAPK14,1432
AAA58698,NPM-ALK,NA
Q9HC98,NEK6,10783
P14618,PKM,5315
P35916,FLT4,2324
P31749,AKT1,207
Q8TF76,HASPIN,83903
Q9Y6S9,RPS6KL1,83694
P49840,GSK3A,2931
O00141,SGK1,6446
Q15759,MAPK11,5600
Q9H4B4,PLK3,1263
P53778,MAPK12,6300
Q13164,MAPK7,5598
P20794,MAK,4117
Q86Z02,HIPK1,204851
Q9UPZ9,CILK1,22858
Q00535,CDK5,1020
Q13523,PRPF4B,8899
Q8TD08,MAPK15,225689
Q00537,CDK17,5128
Q9NYV4,CDK12,51755
Q07002,CDK18,5129
Q9H422,HIPK3,10114
O76039,CDKL5,6792
Q14004,CDK13,8621
Q9H2X6,HIPK2,28996
Q00532,CDKL1,8814
Q96Q40,CDK15,65061
Q5MAI5,CDKL4,344387
P50613,CDK7,1022
Q00534,CDK6,1021
Q92772,CDKL2,8999
Q8NE63,HIPK4,147746
Q9UBE8,NLK,51701
O94921,CDK14,5218
P11802,CDK4,1019
Q15131,CDK10,8558
Q8IVW4,CDKL3,51265
Q9UQ07,MOK,5891
Q9UQ88,CDK11A,728642
Q5S007,LRRK2,120892
P50750,CDK9,1025
Q8TAS1,UHMK1,127933
P42345,MTOR,2475
Q92630,DYRK2,8445
Q99986,VRK1,7443
P78527,PRKDC,5591
Q15835,GRK1,6011
Q15831,STK11,6794
O43283,MAP3K13,9175
Q12852,MAP3K12,7786
Q6P3W7,SCYL2,55681
Q96LW2,RSKR,124923
P51617,IRAK1,3654
O43187,IRAK2,3656
Q02779,MAP3K10,4294
Q5TCX8,MAP3K21,84451
P68400,CSNK2A1,1457
Q16584,MAP3K11,4296
Q96RR4,CAMKK2,10645
P53671,LIMK2,3985
Q8NFD2,ANKK1,255239
Q8N5S9,CAMKK1,84254
Q96GD4,AURKB,9212
Q16566,CAMK4,814
Q9P1W9,PIM2,11040
Q9NRM7,LATS2,26524
P17252,PRKCA,5578
P11309,PIM1,5292
O60285,NUAK1,9891
P31751,AKT2,208
O75582,RPS6KA5,9252
Q16644,MAPKAPK3,7867
P49137,MAPKAPK2,9261
Q9Y243,AKT3,10000
Q9UK32,RPS6KA6,27330
P23443,RPS6KB1,6198
P51812,RPS6KA3,6197
Q15418,RPS6KA1,6195
Q15349,RPS6KA2,6196
Q9UBS0,RPS6KB2,6199
P11801,PSKH1,5681
O43930,PRKY,5616
P51817,PRKX,5613
Q13976,PRKG1,5592
P22694,PRKACB,5567
Q8IWQ3,BRSK2,9024
Q8TDC3,BRSK1,84446
Q9UIK4,DAPK2,23604
Q13237,PRKG2,5593
Q96BR1,SGK3,23678
O75676,RPS6KA4,8986
Q9HBY8,SGK2,10110
Q96NX5,CAMK1G,57172
Q9C098,DCLK3,85443
Q16512,PKN1,5585
Q16513,PKN2,5586
Q8N568,DCLK2,166614
P24723,PRKCH,5583
Q8IU85,CAMK1D,57118
Q13131,PRKAA1,5562
Q04759,PRKCQ,5588
Q14012,CAMK1,8536
P22612,PRKACG,5568
P05771,PRKCB,5579
O43293,DAPK3,1613
Q02156,PRKCE,5581
P54646,PRKAA2,5563
Q05513,PRKCZ,5590
Q8NI60,COQ8A,56997
Q32MK0,MYLK3,91807
Q15746,MYLK,4638
Q86YV6,MYLK4,340156
O94768,STK17B,9262
Q15208,STK38,11329
Q9Y2H1,STK38L,23012
Q13554,CAMK2B,816
Q9UEE5,STK17A,9263
Q13557,CAMK2D,817
Q9UQM7,CAMK2A,815
Q13555,CAMK2G,818
P10398,ARAF,369
Q9NRH2,SNRK,54861
Q2M2I8,AAK1,22848
Q96S38,RPS6KC1,26750
Q9NSY1,BMP2K,55589
Q9BQI3,EIF2AK1,27102
Q9H093,NUAK2,81788
Q9NRP7,STK36,27148
Q9H1R3,MYLK2,85366
Q8IW41,MAPKAPK5,8550
Q14164,IKBKE,9641
Q99558,MAP3K14,9020
Q9Y2H9,MAST1,22983
Q9BYT3,STK33,65975
P05129,PRKCG,5582
O15021,MAST4,375449
Q6P0Q8,MAST2,23139
O60307,MAST3,23031
P41743,PRKCI,5584
O96017,CHEK2,11200
P53355,DAPK1,1612
O14965,AURKA,6790
Q9P2K8,EIF2AK4,440275
Q9UHD2,TBK1,29110
Q9UQB9,AURKC,6795
Q8IWB6,TEX14,56155
O75116,ROCK2,9475
Q8NB16,MLKL,197259
Q9BXM7,PINK1,65018
Q9NYY3,PLK2,10769
O75385,ULK1,8408
Q8IYT8,ULK2,9706
Q8IZL9,CDK20,23552
P48729,CSNK1A1,1452
O14920,IKBKB,3551
Q6P2M8,PNCK,139728
O15111,CHUK,1147
O43683,BUB1,699
O14976,GAK,2580
Q6ZWH5,NEK10,152110
P19525,EIF2AK2,5610
P20594,NPR2,4882
Q7Z2Y5,NRK,203447
P78368,CSNK1G2,1455
Q9HCP0,CSNK1G1,53944
Q9Y6M4,CSNK1G3,1456
Q9UKE5,TNIK,23043
P48730,CSNK1D,1453
P49674,CSNK1E,1454
O94804,STK10,6793
P53350,PLK1,5347
Q09013,DMPK,1760
O95819,MAP4K4,9448
Q8N4C8,MINK1,50488
P41279,MAP3K8,1326
Q9H2K8,TAOK3,51347
Q7L7X3,TAOK1,57551
Q5VT25,CDC42BPA,8476
Q9Y5S2,CDC42BPB,9578
Q13464,ROCK1,6093
Q6DT37,CDC42BPG,55561
Q6P5Z2,PKN3,29941
Q96QS6,PSKH2,85481
P31152,MAPK4,5596
Q9UEW8,STK39,27347
Q92918,MAP4K1,11184
O96013,PAK4,10298
Q59H18,TNNI3K,51086
Q86TW2,ADCK1,57143
Q16659,MAPK6,5597
P36894,BMPR1A,657
O43781,DYRK3,8444
Q9BWU1,CDK19,23097
P49336,CDK8,1024
Q6ZN16,MAP3K15,389840
Q6PHR2,ULK3,25989
Q8IV63,VRK3,51231
Q02846,GUCY2D,3000
P19784,CSNK2A2,1459
Q9NWZ3,IRAK4,51135
Q13043,STK4,6789
Q13188,STK3,6788
Q9Y6R4,MAP3K4,4216
Q9NY57,STK32B,55351
Q8WTQ7,GRK7,131890
Q9BXA7,TSSK1B,83942
Q13315,ATM,472
Q9BXA6,TSSK6,83983
Q96PN8,TSSK3,81629
Q96S53,TESK2,10420
P0C263,SBK2,646643
O43353,RIPK2,8767
Q13418,ILK,3611
Q8N2I9,STK40,83931
P0C264,SBK3,100130827
Q9H5K3,POMK,84197
Q9Y572,RIPK3,11035
Q76MJ5,ERN2,10595
Q13546,RIPK1,8737
P33981,TTK,7272
Q8IZE3,SCYL3,57147
Q9Y616,IRAK3,11213
P00540,MOS,4342
Q8TEA7,TBCK,93627
P43250,GRK6,2870
P49760,CLK2,1196
Q8TDR2,STK35,140901
O15530,PDPK1,5170
P32298,GRK4,2868
O43318,MAP3K7,6885
Q9HBH9,MKNK2,2872
Q9BUB5,MKNK1,8569
P35626,GRK3,157
Q7Z695,ADCK2,90956
Q8NCB2,CAMKV,79012
Q86SG6,NEK8,284086
O95835,LATS1,9113
Q9UL54,TAOK2,9344
Q6XUX3,DSTYK,25778
Q56UN5,MAP3K19,80122
Q9H2G2,SLK,9748
P25098,GRK2,156
Q9P289,STK26,51765
P36897,TGFBR1,7046
P36896,ACVR1B,91
P49759,CLK1,1195
Q8N752,CSNK1A1L,122011
Q9HAZ1,CLK4,57396
P34947,GRK5,2869
P49761,CLK3,1198
O75962,TRIO,7204
O15075,DCLK1,9201
Q5TCY1,TTBK1,84630
Q96RG2,PASK,23178
Q5VST9,OBSCN,84033
Q6IQ55,TTBK2,146057
Q15772,SPEG,10290
Q9UPE1,SRPK3,26576
P51957,NEK4,6787
Q96PY6,NEK1,4750
P80192,MAP3K9,4293
Q38SD2,LRRK1,79705
P15735,PHKG2,5261
Q15139,PRKD1,5587
P25092,GUCY2C,2984
O00311,CDC7,8317
Q9NZJ5,EIF2AK3,9451
O94806,PRKD3,23683
Q9BZL6,PRKD2,25865
Q8WZ42,TTN,7273
P27037,ACVR2A,92
Q13705,ACVR2B,93
O14578,CIT,11113
Q9Y478,PRKAB1,5564
Q14680,MELK,9833
Q96L34,MARK4,57787
Q8NEV4,MYO3A,53904
Q8TD19,NEK9,91754
Q8IVH8,MAP4K3,8491
Q9Y4K4,MAP4K5,11183
Q9NR20,DYRK4,8798
Q6SA08,TSSK4,283629
P51955,NEK2,4751
P57058,HUNK,30811
Q6P3R8,NEK5,341676
Q96KB5,PBK,55872
P51956,NEK3,4752
Q8NG66,NEK11,79858
Q9Y2K2,SIK3,23387
Q8IY84,NIM1K,167359
P78362,SRPK2,6733
O75716,STK16,8576
Q13233,MAP3K1,4214
P57078,RIPK4,54101
Q3MIX3,ADCK5,203054
Q96SB4,SRPK1,6732
P13861,PRKAR2A,5576
Q86V86,PIM3,415116
O60229,KALRN,8997
Q9H4A3,WNK1,65125
Q96RU7,TRIB3,57761
Q8N165,PDIK1L,149420
Q8TDX7,NEK7,140609
Q9C0K7,STRADB,55437
Q9H792,PEAK1,79834
Q12851,MAP4K2,5871
P37173,TGFBR2,7048
Q8NE28,STKLD1,169436
Q16816,PHKG1,5260
Q96PF2,TSSK2,23617
O00238,BMPR1B,658
Q9NQU5,PAK6,56924
Q7KZI7,MARK2,2011
Q86UX6,STK32C,282974
Q8WU08,STK32A,202374
O75460,ERN1,2081
P27448,MARK3,4140
Q9P0L2,MARK1,4139
O14730,RIOK3,8780
Q9P286,PAK5,57144
Q7RTN6,STRADA,92335
Q9UKI8,TLK1,9874
O95747,OXSR1,9943
P37023,ACVRL1,94
Q9BXU1,STK31,56164
O14936,CASK,8573
Q8WXR4,MYO3B,140469
Q15569,TESK1,7016
Q6VAB6,KSR2,283455
Q86UE8,TLK2,11011
P46020,PHKA1,5255
O14874,BCKDK,10295
Q96D53,COQ8B,79934
Q86Y07,VRK2,7444
Q9Y2U5,MAP3K2,10746
Q96S44,TP53RK,112858
O00444,PLK4,10733
Q96J92,WNK4,65266
Q9BYP7,WNK3,65267
Q9Y3S1,WNK2,65268
P51841,GUCY2F,2986
O15197,EPHB6,2051
Q16671,AMHR2,269
Q15118,PDK1,5163
P42336,PIK3CA,5290
Q92519,TRIB2,28951
Q96Q15,SMG1,23049
P67870,CSNK2B,1460
Q13873,BMPR2,659
Q8IVT5,KSR1,8844
P57059,SIK1,150094
Q9H0K1,SIK2,23235
Q99570,PIK3R4,30849
P31323,PRKAR2B,5577
Q05823,RNASEL,6041
P30279,CCND2,894
Q9NYL2,MAP3K20,51776
Q9Y6K9,IKBKG,8517
